{"weightFunction":"shepherd","usingArcLengthParameterization":false,"gHandles":[{"pos":[20,56],"transform":{"a":0.9659683611424998,"b":-0.25879979856339996,"c":0.25879979856339996,"d":0.9659683611424998,"e":-13.812255942400402,"f":7.0845677472880055}},{"pos":[238,53],"transform":{"a":1.4191067593001754,"b":0,"c":0,"d":1.4191067593001754,"e":-99.73730871344173,"f":-22.210358242909294}},{"pos":[131,135],"transform":{"a":0.794735406224134,"b":0.11164786442608525,"c":-0.11164786442608525,"d":0.794735406224134,"e":41.970423482159944,"f":13.086349919924743}}]}